VehicleId,DepotId,InitialLoad,RouteSequence,ClientsServed,DemandsSatisfied,TotalDistance,TotalTime,FuelCost
V001,CD09,42.0,CD09-C008-C007-C005-C003-CD09,4,10-12-5-15,21.761546689880607,43.523093379761214,35471.3211045054
V002,CD05,26.0,CD05-C006-C002-CD05,2,11-15,15.634559389606423,31.269118779212846,25484.331805058468
V003,CD12,18.0,CD12-C004-C001-CD12,2,6-12,20.997166991650698,41.994333983301395,34225.38219639064
V006,CD11,15.0,CD11-C009-CD11,1,15,6.87732703680898,13.75465407361796,11210.043069998637
